[{"model": "core.schedule", "pk": 2, "fields": {"schedule_name": "May 2020", "start_date": "2020-05-01", "end_date": "2020-05-31", "status": true}}, {"model": "core.schedule", "pk": 3, "fields": {"schedule_name": "June 2020", "start_date": "2020-06-02", "end_date": "2020-06-30", "status": true}}, {"model": "core.abstract", "pk": 1, "fields": {"title": "Test Project 1 by Lakshay Kapoor", "abstract_text": "Test Project 1 by Lakshay KapoorTest Project 1 by Lakshay KapoorTest Project 1 by Lakshay KapoorTest Project 1 by Lakshay KapoorTest Project 1 by Lakshay KapoorTest Project 1 by Lakshay KapoorTest Project 1 by Lakshay KapoorTest Project 1 by Lakshay KapoorTest Project 1 by Lakshay KapoorTest Project 1 by Lakshay KapoorTest Project 1 by Lakshay KapoorTest Project 1 by Lakshay KapoorTest Project 1 by Lakshay KapoorTest Project 1 by Lakshay KapoorTest Project 1 by Lakshay KapoorTest Project 1 by Lakshay Kapoor", "document": "abstract/.gitattributes", "upladed_at": "2020-05-22T19:13:25.426Z"}}, {"model": "core.abstract", "pk": 2, "fields": {"title": "Naman Project", "abstract_text": "Lorem ipsum dolor sit amet, consectetur adipiscing elit, sed do eiusmod tempor incididunt ut labore et dolore magna aliqua. Ut enim ad minim veniam, quis nostrud exercitation ullamco laboris nisi ut aliquip ex ea commodo consequat. Duis aute irure dolor in reprehenderit in voluptate velit esse cillum dolore eu fugiat nulla pariatur. Excepteur sint occaecat cupidatat non proident, sunt in culpa qui officia deserunt mollit anim id est laborum.", "document": "abstract/gitignore..docx", "upladed_at": "2020-05-22T21:23:29.748Z"}}, {"model": "core.abstract", "pk": 3, "fields": {"title": "Naman Project", "abstract_text": "Lorem ipsum dolor sit amet, consectetur adipiscing elit, sed do eiusmod tempor incididunt ut labore et dolore magna aliqua. Ut enim ad minim veniam, quis nostrud exercitation ullamco laboris nisi ut aliquip ex ea commodo consequat. Duis aute irure dolor in reprehenderit in voluptate velit esse cillum dolore eu fugiat nulla pariatur. Excepteur sint occaecat cupidatat non proident, sunt in culpa qui officia deserunt mollit anim id est laborum.", "document": "abstract/gitignore._shWdaMe.docx", "upladed_at": "2020-05-22T21:26:06.740Z"}}, {"model": "core.abstract", "pk": 4, "fields": {"title": "Final Year Project Nupur", "abstract_text": "Final Year Project Nupur Final Year Project Nupur Final Year Project Nupur Final Year Project Nupur Final Year Project Nupur Final Year Project Nupur Final Year Project Nupur Final Year Project Nupur Final Year Project Nupur Final Year Project Nupur Final Year Project Nupur Final Year Project Nupur Final Year Project Nupur Final Year Project Nupur", "document": "abstract/README_QAVGtP3.md", "upladed_at": "2020-05-23T05:46:26.511Z"}}, {"model": "core.project", "pk": 1, "fields": {"title": "Test Project 1 by Lakshay Kapoor", "status": true, "start_date": "2020-05-23", "schedule": 2, "abstract": 1}}, {"model": "core.project", "pk": 2, "fields": {"title": "Naman Project", "status": true, "start_date": "2020-05-23", "schedule": 2, "abstract": 2}}, {"model": "core.project", "pk": 3, "fields": {"title": "Naman Project", "status": true, "start_date": "2020-05-23", "schedule": 2, "abstract": 3}}, {"model": "core.project", "pk": 4, "fields": {"title": "Final Year Project Nupur", "status": true, "start_date": "2020-05-23", "schedule": 2, "abstract": 4}}, {"model": "core.availableday", "pk": 1, "fields": {"monday": "11:00:00", "tuesday": "11:00:00", "wednesday": "11:00:00", "thursday": "11:00:00", "friday": "11:00:00", "saturday": "11:00:00", "sunday": "11:00:00", "supervisor": 1}}, {"model": "core.availableday", "pk": 2, "fields": {"monday": "20:00:00", "tuesday": "20:00:00", "wednesday": "20:00:00", "thursday": "20:00:00", "friday": "20:00:00", "saturday": "20:00:00", "sunday": "20:00:00", "supervisor": 2}}, {"model": "core.appointment", "pk": 1, "fields": {"supervisor": 1, "student": 1, "date": "2020-05-30", "time": "06:00:00", "approved": "Rejected"}}, {"model": "core.appointment", "pk": 2, "fields": {"supervisor": 2, "student": 3, "date": "2020-05-30", "time": "15:00:00", "approved": "Rejected"}}, {"model": "core.appointment", "pk": 3, "fields": {"supervisor": 2, "student": 3, "date": "2020-05-30", "time": "20:00:00", "approved": "Approved"}}, {"model": "core.group", "pk": 1, "fields": {"start_date": "2020-05-01", "end_date": "2020-05-31", "semester": "S1"}}, {"model": "core.group", "pk": 2, "fields": {"start_date": "2020-06-01", "end_date": "2020-06-30", "semester": "S2"}}, {"model": "core.milestone", "pk": 1, "fields": {"milestone_name": "Milestone 1", "start_date": "2020-05-01", "end_date": "2020-05-10", "schedule": 2, "semester": 1, "required_document": "Documentation of Project"}}, {"model": "core.milestone", "pk": 2, "fields": {"milestone_name": "Milestone 2", "start_date": "2020-05-11", "end_date": "2020-05-16", "schedule": 2, "semester": 1, "required_document": "SRS of project"}}, {"model": "core.milestone", "pk": 3, "fields": {"milestone_name": "Milestone 3", "start_date": "2020-05-17", "end_date": "2020-05-31", "schedule": 2, "semester": 1, "required_document": "List of all sources"}}, {"model": "core.milestone", "pk": 4, "fields": {"milestone_name": "Final Milestone", "start_date": "2020-06-02", "end_date": "2020-06-30", "schedule": 3, "semester": 2, "required_document": "Final Project Complete Code"}}, {"model": "core.completedmilestones", "pk": 1, "fields": {"milestone": 1, "project": 1}}, {"model": "core.completedmilestones", "pk": 2, "fields": {"milestone": 2, "project": 1}}, {"model": "core.completedmilestones", "pk": 3, "fields": {"milestone": 1, "project": 4}}, {"model": "core.document", "pk": 1, "fields": {"title": "SRS", "document": ".gitignore", "upladed_at": "2020-05-22T20:50:15.098Z", "student": 1, "milestone": 2}}, {"model": "core.document", "pk": 2, "fields": {"title": "Documentation", "document": "README_KbxCL8L.md", "upladed_at": "2020-05-23T05:51:31.135Z", "student": 3, "milestone": 1}}, {"model": "core.comment", "pk": 1, "fields": {"text": "good work", "student": 1, "supervisor": 1, "sender": false, "sent_date": "2020-05-23", "milestone": 2}}, {"model": "core.comment", "pk": 2, "fields": {"text": "Sorry for late submission", "student": 3, "supervisor": 2, "sender": true, "sent_date": "2020-05-23", "milestone": 1}}, {"model": "core.comment", "pk": 3, "fields": {"text": "That's okay I have checked", "student": 3, "supervisor": 2, "sender": false, "sent_date": "2020-05-23", "milestone": 1}}, {"model": "core.comment", "pk": 4, "fields": {"text": "Thanks", "student": 3, "supervisor": 2, "sender": true, "sent_date": "2020-05-23", "milestone": 1}}, {"model": "core.notification", "pk": 1, "fields": {"text": "New project <strong>Naman Project</strong added. Reach out to the coordinator if you want to supervise this project.", "title": "New project added", "receiver": "supervisors", "document": "", "sent_time": "02:56:06.749", "sent_date": "2020-05-23"}}, {"model": "core.notification", "pk": 6, "fields": {"text": "The project <strong>Naman Project</strong> by <strong>Naman Sharma</strong> has been assigned to <strong>Lakshay Supervisor</strong>.", "title": "Project Supervisor Assigned", "receiver": "everyone", "document": "", "sent_time": "03:21:08.850", "sent_date": "2020-05-23"}}, {"model": "core.notification", "pk": 7, "fields": {"text": "New project <strong>Final Year Project Nupur</strong> added. Reach out to the coordinator if you want to supervise this project.", "title": "New project added", "receiver": "supervisors", "document": "", "sent_time": "11:16:26.520", "sent_date": "2020-05-23"}}, {"model": "core.notification", "pk": 8, "fields": {"text": "The project <strong>Final Year Project Nupur</strong> by <strong>Nupur Student</strong> has been assigned to <strong>Mansi Supervisor</strong>.", "title": "Project Supervisor Assigned", "receiver": "everyone", "document": "", "sent_time": "11:19:55.898", "sent_date": "2020-05-23"}}, {"model": "core.notification", "pk": 9, "fields": {"text": "New schedule added by the admin", "title": "New Schedule", "receiver": "supervisors", "document": "", "sent_time": "11:36:55.671", "sent_date": "2020-05-23"}}, {"model": "core.notification", "pk": 10, "fields": {"text": "New milestone added by the coordinator. Click on project schedule to find out.", "title": "New Milestone Added", "receiver": "students", "document": "", "sent_time": "11:37:09.057", "sent_date": "2020-05-23"}}, {"model": "contenttypes.contenttype", "pk": 1, "fields": {"app_label": "core", "model": "user"}}, {"model": "contenttypes.contenttype", "pk": 2, "fields": {"app_label": "core", "model": "abstract"}}, {"model": "contenttypes.contenttype", "pk": 3, "fields": {"app_label": "core", "model": "group"}}, {"model": "contenttypes.contenttype", "pk": 4, "fields": {"app_label": "core", "model": "notification"}}, {"model": "contenttypes.contenttype", "pk": 5, "fields": {"app_label": "core", "model": "project"}}, {"model": "contenttypes.contenttype", "pk": 6, "fields": {"app_label": "core", "model": "schedule"}}, {"model": "contenttypes.contenttype", "pk": 7, "fields": {"app_label": "core", "model": "supervisor"}}, {"model": "contenttypes.contenttype", "pk": 8, "fields": {"app_label": "core", "model": "student"}}, {"model": "contenttypes.contenttype", "pk": 9, "fields": {"app_label": "core", "model": "pastproject"}}, {"model": "contenttypes.contenttype", "pk": 10, "fields": {"app_label": "core", "model": "milestone"}}, {"model": "contenttypes.contenttype", "pk": 11, "fields": {"app_label": "core", "model": "document"}}, {"model": "contenttypes.contenttype", "pk": 12, "fields": {"app_label": "core", "model": "completedmilestones"}}, {"model": "contenttypes.contenttype", "pk": 13, "fields": {"app_label": "core", "model": "comment"}}, {"model": "contenttypes.contenttype", "pk": 14, "fields": {"app_label": "core", "model": "availableday"}}, {"model": "contenttypes.contenttype", "pk": 15, "fields": {"app_label": "core", "model": "appointment"}}, {"model": "contenttypes.contenttype", "pk": 16, "fields": {"app_label": "admin", "model": "logentry"}}, {"model": "contenttypes.contenttype", "pk": 17, "fields": {"app_label": "auth", "model": "permission"}}, {"model": "contenttypes.contenttype", "pk": 18, "fields": {"app_label": "auth", "model": "group"}}, {"model": "contenttypes.contenttype", "pk": 19, "fields": {"app_label": "contenttypes", "model": "contenttype"}}, {"model": "contenttypes.contenttype", "pk": 20, "fields": {"app_label": "sessions", "model": "session"}}, {"model": "sessions.session", "pk": "13qeku89n5vgzpux0ai2rct9e6psdn68", "fields": {"session_data": "M2U0OGU2MmRmMzk1MGMyYjA4ODIwZTFjOWJkMjhiM2ZhMzdkMDJhMjp7Il9hdXRoX3VzZXJfaWQiOiI2IiwiX2F1dGhfdXNlcl9iYWNrZW5kIjoiZGphbmdvLmNvbnRyaWIuYXV0aC5iYWNrZW5kcy5Nb2RlbEJhY2tlbmQiLCJfYXV0aF91c2VyX2hhc2giOiJkMDI1ZjQ3Y2M4NDRlMzMyNjIwNzNkOWMxNWZmODAxMWI4YjM1OGZlIn0=", "expire_date": "2020-06-06T07:14:03.325Z"}}, {"model": "sessions.session", "pk": "4mksoi5vluadjbdzlc9002qotje84t0z", "fields": {"session_data": "MGJiNzA2YmI5OTQ5MWQ5MmYyNzEwMDU0MDgyZjYzYjhlZjhjNTJiZDp7Il9hdXRoX3VzZXJfaWQiOiIzIiwiX2F1dGhfdXNlcl9iYWNrZW5kIjoiZGphbmdvLmNvbnRyaWIuYXV0aC5iYWNrZW5kcy5Nb2RlbEJhY2tlbmQiLCJfYXV0aF91c2VyX2hhc2giOiIwY2ZiZWVkY2FiMDIyZmM4MjQxZjgxZmVlY2ZhMjI3ODA0MWE0YzJkIn0=", "expire_date": "2020-06-05T18:56:45.871Z"}}, {"model": "sessions.session", "pk": "6q0u9six29ijashqy1btg5owntl91841", "fields": {"session_data": "YjY1ZWI4NTRmMDMzOGE0YWFhNzkzNTIzYzkyYTUwMWI2NGZjYWFhMzp7Il9hdXRoX3VzZXJfaWQiOiI1IiwiX2F1dGhfdXNlcl9iYWNrZW5kIjoiZGphbmdvLmNvbnRyaWIuYXV0aC5iYWNrZW5kcy5Nb2RlbEJhY2tlbmQiLCJfYXV0aF91c2VyX2hhc2giOiIzYjczYWViOGMzN2IzYWY2MDg3YjgzZmU5NGRkODUxNDJmNGE2ODc5In0=", "expire_date": "2020-06-06T05:38:49.986Z"}}, {"model": "sessions.session", "pk": "b5nw82x3j6s1upp150rt8vak3evu1rgi", "fields": {"session_data": "ZWIxYTU1ZDQzZjY3YTUzZWNjZjhhYjMyMjE3MmQ5MGZjZDhhN2FlOTp7Il9hdXRoX3VzZXJfaWQiOiIxIiwiX2F1dGhfdXNlcl9iYWNrZW5kIjoiZGphbmdvLmNvbnRyaWIuYXV0aC5iYWNrZW5kcy5Nb2RlbEJhY2tlbmQiLCJfYXV0aF91c2VyX2hhc2giOiJlMzE1ZDI0OWQ1MDBjYzVkODczYzgzMjI1YTA5NzU1ZmZjODQ2ZDZhIn0=", "expire_date": "2020-06-06T09:35:45.866Z"}}, {"model": "sessions.session", "pk": "r9l88ppb4nz5rr4h2wzk0wb04ueyfog5", "fields": {"session_data": "OThkZDY1YjBhNzUzM2IxMDU4YzI1MTQyOWEyN2IyNjRlOTNjZDc2YTp7Il9hdXRoX3VzZXJfaWQiOiI3IiwiX2F1dGhfdXNlcl9iYWNrZW5kIjoiZGphbmdvLmNvbnRyaWIuYXV0aC5iYWNrZW5kcy5Nb2RlbEJhY2tlbmQiLCJfYXV0aF91c2VyX2hhc2giOiI0MWM3MjE3MmE0N2NjNGFiZmFlMzExNzdjYjRhZWZkMzhmY2VlMGQyIn0=", "expire_date": "2020-06-06T08:40:08.881Z"}}, {"model": "sessions.session", "pk": "raahsr49dmad6fif3yav6bdn25d9ti7p", "fields": {"session_data": "ZjM1YTM4YmRhYzdlYWFmMDY5YTkyMDk3MTU0NjNhMTVlMDQ4NTExMzp7Il9hdXRoX3VzZXJfaWQiOiI0IiwiX2F1dGhfdXNlcl9iYWNrZW5kIjoiZGphbmdvLmNvbnRyaWIuYXV0aC5iYWNrZW5kcy5Nb2RlbEJhY2tlbmQiLCJfYXV0aF91c2VyX2hhc2giOiI4MmZjZjUyMDY3NjA0OTFjYmE5MTA3YjI0NTJmNjI4NWFiYzdhNTFhIn0=", "expire_date": "2020-06-05T21:22:16.850Z"}}, {"model": "auth.permission", "pk": 1, "fields": {"name": "Can add user", "content_type": 1, "codename": "add_user"}}, {"model": "auth.permission", "pk": 2, "fields": {"name": "Can change user", "content_type": 1, "codename": "change_user"}}, {"model": "auth.permission", "pk": 3, "fields": {"name": "Can delete user", "content_type": 1, "codename": "delete_user"}}, {"model": "auth.permission", "pk": 4, "fields": {"name": "Can view user", "content_type": 1, "codename": "view_user"}}, {"model": "auth.permission", "pk": 5, "fields": {"name": "Can add abstract", "content_type": 2, "codename": "add_abstract"}}, {"model": "auth.permission", "pk": 6, "fields": {"name": "Can change abstract", "content_type": 2, "codename": "change_abstract"}}, {"model": "auth.permission", "pk": 7, "fields": {"name": "Can delete abstract", "content_type": 2, "codename": "delete_abstract"}}, {"model": "auth.permission", "pk": 8, "fields": {"name": "Can view abstract", "content_type": 2, "codename": "view_abstract"}}, {"model": "auth.permission", "pk": 9, "fields": {"name": "Can add group", "content_type": 3, "codename": "add_group"}}, {"model": "auth.permission", "pk": 10, "fields": {"name": "Can change group", "content_type": 3, "codename": "change_group"}}, {"model": "auth.permission", "pk": 11, "fields": {"name": "Can delete group", "content_type": 3, "codename": "delete_group"}}, {"model": "auth.permission", "pk": 12, "fields": {"name": "Can view group", "content_type": 3, "codename": "view_group"}}, {"model": "auth.permission", "pk": 13, "fields": {"name": "Can add notification", "content_type": 4, "codename": "add_notification"}}, {"model": "auth.permission", "pk": 14, "fields": {"name": "Can change notification", "content_type": 4, "codename": "change_notification"}}, {"model": "auth.permission", "pk": 15, "fields": {"name": "Can delete notification", "content_type": 4, "codename": "delete_notification"}}, {"model": "auth.permission", "pk": 16, "fields": {"name": "Can view notification", "content_type": 4, "codename": "view_notification"}}, {"model": "auth.permission", "pk": 17, "fields": {"name": "Can add project", "content_type": 5, "codename": "add_project"}}, {"model": "auth.permission", "pk": 18, "fields": {"name": "Can change project", "content_type": 5, "codename": "change_project"}}, {"model": "auth.permission", "pk": 19, "fields": {"name": "Can delete project", "content_type": 5, "codename": "delete_project"}}, {"model": "auth.permission", "pk": 20, "fields": {"name": "Can view project", "content_type": 5, "codename": "view_project"}}, {"model": "auth.permission", "pk": 21, "fields": {"name": "Can add schedule", "content_type": 6, "codename": "add_schedule"}}, {"model": "auth.permission", "pk": 22, "fields": {"name": "Can change schedule", "content_type": 6, "codename": "change_schedule"}}, {"model": "auth.permission", "pk": 23, "fields": {"name": "Can delete schedule", "content_type": 6, "codename": "delete_schedule"}}, {"model": "auth.permission", "pk": 24, "fields": {"name": "Can view schedule", "content_type": 6, "codename": "view_schedule"}}, {"model": "auth.permission", "pk": 25, "fields": {"name": "Can add supervisor", "content_type": 7, "codename": "add_supervisor"}}, {"model": "auth.permission", "pk": 26, "fields": {"name": "Can change supervisor", "content_type": 7, "codename": "change_supervisor"}}, {"model": "auth.permission", "pk": 27, "fields": {"name": "Can delete supervisor", "content_type": 7, "codename": "delete_supervisor"}}, {"model": "auth.permission", "pk": 28, "fields": {"name": "Can view supervisor", "content_type": 7, "codename": "view_supervisor"}}, {"model": "auth.permission", "pk": 29, "fields": {"name": "Can add student", "content_type": 8, "codename": "add_student"}}, {"model": "auth.permission", "pk": 30, "fields": {"name": "Can change student", "content_type": 8, "codename": "change_student"}}, {"model": "auth.permission", "pk": 31, "fields": {"name": "Can delete student", "content_type": 8, "codename": "delete_student"}}, {"model": "auth.permission", "pk": 32, "fields": {"name": "Can view student", "content_type": 8, "codename": "view_student"}}, {"model": "auth.permission", "pk": 33, "fields": {"name": "Can add past project", "content_type": 9, "codename": "add_pastproject"}}, {"model": "auth.permission", "pk": 34, "fields": {"name": "Can change past project", "content_type": 9, "codename": "change_pastproject"}}, {"model": "auth.permission", "pk": 35, "fields": {"name": "Can delete past project", "content_type": 9, "codename": "delete_pastproject"}}, {"model": "auth.permission", "pk": 36, "fields": {"name": "Can view past project", "content_type": 9, "codename": "view_pastproject"}}, {"model": "auth.permission", "pk": 37, "fields": {"name": "Can add milestone", "content_type": 10, "codename": "add_milestone"}}, {"model": "auth.permission", "pk": 38, "fields": {"name": "Can change milestone", "content_type": 10, "codename": "change_milestone"}}, {"model": "auth.permission", "pk": 39, "fields": {"name": "Can delete milestone", "content_type": 10, "codename": "delete_milestone"}}, {"model": "auth.permission", "pk": 40, "fields": {"name": "Can view milestone", "content_type": 10, "codename": "view_milestone"}}, {"model": "auth.permission", "pk": 41, "fields": {"name": "Can add document", "content_type": 11, "codename": "add_document"}}, {"model": "auth.permission", "pk": 42, "fields": {"name": "Can change document", "content_type": 11, "codename": "change_document"}}, {"model": "auth.permission", "pk": 43, "fields": {"name": "Can delete document", "content_type": 11, "codename": "delete_document"}}, {"model": "auth.permission", "pk": 44, "fields": {"name": "Can view document", "content_type": 11, "codename": "view_document"}}, {"model": "auth.permission", "pk": 45, "fields": {"name": "Can add completed milestones", "content_type": 12, "codename": "add_completedmilestones"}}, {"model": "auth.permission", "pk": 46, "fields": {"name": "Can change completed milestones", "content_type": 12, "codename": "change_completedmilestones"}}, {"model": "auth.permission", "pk": 47, "fields": {"name": "Can delete completed milestones", "content_type": 12, "codename": "delete_completedmilestones"}}, {"model": "auth.permission", "pk": 48, "fields": {"name": "Can view completed milestones", "content_type": 12, "codename": "view_completedmilestones"}}, {"model": "auth.permission", "pk": 49, "fields": {"name": "Can add comment", "content_type": 13, "codename": "add_comment"}}, {"model": "auth.permission", "pk": 50, "fields": {"name": "Can change comment", "content_type": 13, "codename": "change_comment"}}, {"model": "auth.permission", "pk": 51, "fields": {"name": "Can delete comment", "content_type": 13, "codename": "delete_comment"}}, {"model": "auth.permission", "pk": 52, "fields": {"name": "Can view comment", "content_type": 13, "codename": "view_comment"}}, {"model": "auth.permission", "pk": 53, "fields": {"name": "Can add available day", "content_type": 14, "codename": "add_availableday"}}, {"model": "auth.permission", "pk": 54, "fields": {"name": "Can change available day", "content_type": 14, "codename": "change_availableday"}}, {"model": "auth.permission", "pk": 55, "fields": {"name": "Can delete available day", "content_type": 14, "codename": "delete_availableday"}}, {"model": "auth.permission", "pk": 56, "fields": {"name": "Can view available day", "content_type": 14, "codename": "view_availableday"}}, {"model": "auth.permission", "pk": 57, "fields": {"name": "Can add appointment", "content_type": 15, "codename": "add_appointment"}}, {"model": "auth.permission", "pk": 58, "fields": {"name": "Can change appointment", "content_type": 15, "codename": "change_appointment"}}, {"model": "auth.permission", "pk": 59, "fields": {"name": "Can delete appointment", "content_type": 15, "codename": "delete_appointment"}}, {"model": "auth.permission", "pk": 60, "fields": {"name": "Can view appointment", "content_type": 15, "codename": "view_appointment"}}, {"model": "auth.permission", "pk": 61, "fields": {"name": "Can add log entry", "content_type": 16, "codename": "add_logentry"}}, {"model": "auth.permission", "pk": 62, "fields": {"name": "Can change log entry", "content_type": 16, "codename": "change_logentry"}}, {"model": "auth.permission", "pk": 63, "fields": {"name": "Can delete log entry", "content_type": 16, "codename": "delete_logentry"}}, {"model": "auth.permission", "pk": 64, "fields": {"name": "Can view log entry", "content_type": 16, "codename": "view_logentry"}}, {"model": "auth.permission", "pk": 65, "fields": {"name": "Can add permission", "content_type": 17, "codename": "add_permission"}}, {"model": "auth.permission", "pk": 66, "fields": {"name": "Can change permission", "content_type": 17, "codename": "change_permission"}}, {"model": "auth.permission", "pk": 67, "fields": {"name": "Can delete permission", "content_type": 17, "codename": "delete_permission"}}, {"model": "auth.permission", "pk": 68, "fields": {"name": "Can view permission", "content_type": 17, "codename": "view_permission"}}, {"model": "auth.permission", "pk": 69, "fields": {"name": "Can add group", "content_type": 18, "codename": "add_group"}}, {"model": "auth.permission", "pk": 70, "fields": {"name": "Can change group", "content_type": 18, "codename": "change_group"}}, {"model": "auth.permission", "pk": 71, "fields": {"name": "Can delete group", "content_type": 18, "codename": "delete_group"}}, {"model": "auth.permission", "pk": 72, "fields": {"name": "Can view group", "content_type": 18, "codename": "view_group"}}, {"model": "auth.permission", "pk": 73, "fields": {"name": "Can add content type", "content_type": 19, "codename": "add_contenttype"}}, {"model": "auth.permission", "pk": 74, "fields": {"name": "Can change content type", "content_type": 19, "codename": "change_contenttype"}}, {"model": "auth.permission", "pk": 75, "fields": {"name": "Can delete content type", "content_type": 19, "codename": "delete_contenttype"}}, {"model": "auth.permission", "pk": 76, "fields": {"name": "Can view content type", "content_type": 19, "codename": "view_contenttype"}}, {"model": "auth.permission", "pk": 77, "fields": {"name": "Can add session", "content_type": 20, "codename": "add_session"}}, {"model": "auth.permission", "pk": 78, "fields": {"name": "Can change session", "content_type": 20, "codename": "change_session"}}, {"model": "auth.permission", "pk": 79, "fields": {"name": "Can delete session", "content_type": 20, "codename": "delete_session"}}, {"model": "auth.permission", "pk": 80, "fields": {"name": "Can view session", "content_type": 20, "codename": "view_session"}}, {"model": "core.user", "pk": 1, "fields": {"password": "pbkdf2_sha256$180000$CbBOLVaYyoeB$yQtL1LMJmmwKeE1IUo4OxErr7wwXVBci7rWlEyx9IP4=", "last_login": "2020-05-23T09:35:45.863Z", "is_superuser": true, "username": "lakshay", "first_name": "", "last_name": "", "email": "lakshay@admin.com", "is_staff": true, "is_active": true, "date_joined": "2020-05-22T18:48:18.025Z", "is_student": false, "is_supervisor": false, "groups": [], "user_permissions": []}}, {"model": "core.user", "pk": 2, "fields": {"password": "pbkdf2_sha256$180000$Y7wZknprMiBs$IftVMLaYckDS0jq42G1LQgJtiP0ZdpM7eYtezbO87zE=", "last_login": "2020-05-22T18:52:56.898Z", "is_superuser": false, "username": "lakshaysup", "first_name": "Lakshay", "last_name": "Supervisor", "email": "lakshaysupervisor@vips.com", "is_staff": false, "is_active": true, "date_joined": "2020-05-22T18:52:56.271Z", "is_student": false, "is_supervisor": true, "groups": [], "user_permissions": []}}, {"model": "core.user", "pk": 3, "fields": {"password": "pbkdf2_sha256$180000$HhF7jsO72KXg$mcyY7IHnvul6jwtT4LebSv3UpbTjh33pVDGBo9GKj4M=", "last_login": "2020-05-23T06:08:02.910Z", "is_superuser": false, "username": "lakshaystudent", "first_name": "Lakshay", "last_name": "Student", "email": "lakshaystudent@vips.com", "is_staff": false, "is_active": true, "date_joined": "2020-05-22T18:56:44.767Z", "is_student": true, "is_supervisor": false, "groups": [], "user_permissions": []}}, {"model": "core.user", "pk": 4, "fields": {"password": "pbkdf2_sha256$180000$MuDTrra6hypd$yrmCOqg7Rtxusa7Uf/mFy/fVhnzEydlPXueXbLHlrys=", "last_login": "2020-05-22T21:22:16.847Z", "is_superuser": false, "username": "naman", "first_name": "Naman", "last_name": "Sharma", "email": "naman@vips.com", "is_staff": false, "is_active": true, "date_joined": "2020-05-22T21:22:16.322Z", "is_student": true, "is_supervisor": false, "groups": [], "user_permissions": []}}, {"model": "core.user", "pk": 5, "fields": {"password": "pbkdf2_sha256$180000$aeGCl56492JP$HPqIUgZbgPiPkMPsP+OGEOMgoJO3N4MkVLPa/RuYcnA=", "last_login": "2020-05-23T05:38:49.984Z", "is_superuser": false, "username": "mansisup", "first_name": "Mansi", "last_name": "Supervisor", "email": "mansi@vips.com", "is_staff": false, "is_active": true, "date_joined": "2020-05-23T05:38:49.290Z", "is_student": false, "is_supervisor": true, "groups": [], "user_permissions": []}}, {"model": "core.user", "pk": 6, "fields": {"password": "pbkdf2_sha256$180000$LhbLa4hxKObR$VyYmTRssTmouDwLHjGEwAchmqxud0u9aYyVINLxV3GI=", "last_login": "2020-05-23T07:14:03.322Z", "is_superuser": false, "username": "nupur", "first_name": "Nupur", "last_name": "Student", "email": "nupur@vips.com", "is_staff": false, "is_active": true, "date_joined": "2020-05-23T05:45:15.326Z", "is_student": true, "is_supervisor": false, "groups": [], "user_permissions": []}}, {"model": "core.user", "pk": 7, "fields": {"password": "pbkdf2_sha256$180000$iCqipQJZwznW$i2r+ZtfLvNFXIgHmqmpjgKdoT05jDY6q6cSs0UlCvwE=", "last_login": "2020-05-23T08:40:08.879Z", "is_superuser": false, "username": "student", "first_name": "Student", "last_name": "Test", "email": "student@vips.com", "is_staff": false, "is_active": true, "date_joined": "2020-05-23T08:40:08.227Z", "is_student": true, "is_supervisor": false, "groups": [], "user_permissions": []}}, {"model": "core.supervisor", "pk": 1, "fields": {"user": 2, "first_name": "Lakshay", "last_name": "Supervisor", "email": "lakshaysupervisor@vips.com"}}, {"model": "core.supervisor", "pk": 2, "fields": {"user": 5, "first_name": "Mansi", "last_name": "Supervisor", "email": "mansi@vips.com"}}, {"model": "core.student", "pk": 1, "fields": {"user": 3, "first_name": "Lakshay", "last_name": "Student", "email": "lakshaystudent@vips.com", "course": "BCA", "reg_number": "06717702017", "supervisor": 1, "project": 1, "status": true}}, {"model": "core.student", "pk": 2, "fields": {"user": 4, "first_name": "Naman", "last_name": "Sharma", "email": "naman@vips.com", "course": "BCA", "reg_number": "08217702017", "supervisor": 1, "project": 3, "status": true}}, {"model": "core.student", "pk": 3, "fields": {"user": 6, "first_name": "Nupur", "last_name": "Student", "email": "nupur@vips.com", "course": "BCA", "reg_number": "08817702017", "supervisor": 2, "project": 4, "status": true}}, {"model": "core.student", "pk": 4, "fields": {"user": 7, "first_name": "Student", "last_name": "Test", "email": "student@vips.com", "course": "BCA", "reg_number": "00000000000778", "supervisor": null, "project": null, "status": true}}, {"model": "admin.logentry", "pk": 1, "fields": {"action_time": "2020-05-22T18:50:37.815Z", "user": 1, "content_type": 3, "object_id": "1", "object_repr": "S1", "action_flag": 1, "change_message": "[{\"added\": {}}]"}}, {"model": "admin.logentry", "pk": 2, "fields": {"action_time": "2020-05-22T18:50:57.848Z", "user": 1, "content_type": 3, "object_id": "2", "object_repr": "S1", "action_flag": 1, "change_message": "[{\"added\": {}}]"}}, {"model": "admin.logentry", "pk": 3, "fields": {"action_time": "2020-05-22T18:51:05.535Z", "user": 1, "content_type": 3, "object_id": "2", "object_repr": "S2", "action_flag": 2, "change_message": "[{\"changed\": {\"fields\": [\"Semester\"]}}]"}}, {"model": "admin.logentry", "pk": 4, "fields": {"action_time": "2020-05-22T18:57:32.977Z", "user": 1, "content_type": 6, "object_id": "1", "object_repr": "S1", "action_flag": 1, "change_message": "[{\"added\": {}}]"}}, {"model": "admin.logentry", "pk": 5, "fields": {"action_time": "2020-05-22T19:01:24.392Z", "user": 1, "content_type": 6, "object_id": "1", "object_repr": "S1", "action_flag": 3, "change_message": ""}}, {"model": "admin.logentry", "pk": 6, "fields": {"action_time": "2020-05-22T19:09:50.826Z", "user": 1, "content_type": 6, "object_id": "2", "object_repr": "Jan - May", "action_flag": 1, "change_message": "[{\"added\": {}}]"}}, {"model": "admin.logentry", "pk": 7, "fields": {"action_time": "2020-05-22T19:15:33.684Z", "user": 1, "content_type": 8, "object_id": "1", "object_repr": "Lakshay Student", "action_flag": 2, "change_message": "[{\"changed\": {\"fields\": [\"Course\", \"Supervisor\"]}}]"}}, {"model": "admin.logentry", "pk": 8, "fields": {"action_time": "2020-05-22T19:42:35.662Z", "user": 1, "content_type": 8, "object_id": "1", "object_repr": "Lakshay Student", "action_flag": 2, "change_message": "[{\"changed\": {\"fields\": [\"Supervisor\"]}}]"}}, {"model": "admin.logentry", "pk": 9, "fields": {"action_time": "2020-05-22T20:28:38.853Z", "user": 1, "content_type": 10, "object_id": "1", "object_repr": "Milestone 1", "action_flag": 1, "change_message": "[{\"added\": {}}]"}}, {"model": "admin.logentry", "pk": 10, "fields": {"action_time": "2020-05-22T20:29:16.311Z", "user": 1, "content_type": 10, "object_id": "2", "object_repr": "Milestone 2", "action_flag": 1, "change_message": "[{\"added\": {}}]"}}, {"model": "admin.logentry", "pk": 11, "fields": {"action_time": "2020-05-22T20:30:27.050Z", "user": 1, "content_type": 10, "object_id": "3", "object_repr": "Milestone 3", "action_flag": 1, "change_message": "[{\"added\": {}}]"}}, {"model": "admin.logentry", "pk": 12, "fields": {"action_time": "2020-05-22T20:37:23.046Z", "user": 1, "content_type": 6, "object_id": "2", "object_repr": "Jan '20 - May '20", "action_flag": 2, "change_message": "[{\"changed\": {\"fields\": [\"Schedule name\"]}}]"}}, {"model": "admin.logentry", "pk": 13, "fields": {"action_time": "2020-05-22T20:38:36.643Z", "user": 1, "content_type": 5, "object_id": "1", "object_repr": "Test Project 1 by Lakshay Kapoor", "action_flag": 2, "change_message": "[]"}}, {"model": "admin.logentry", "pk": 14, "fields": {"action_time": "2020-05-22T21:40:19.722Z", "user": 1, "content_type": 8, "object_id": "2", "object_repr": "Naman Sharma", "action_flag": 2, "change_message": "[{\"changed\": {\"fields\": [\"Supervisor\"]}}]"}}, {"model": "admin.logentry", "pk": 15, "fields": {"action_time": "2020-05-22T21:41:29.252Z", "user": 1, "content_type": 4, "object_id": "2", "object_repr": "Notification object (2)", "action_flag": 3, "change_message": ""}}, {"model": "admin.logentry", "pk": 16, "fields": {"action_time": "2020-05-22T21:41:32.941Z", "user": 1, "content_type": 8, "object_id": "2", "object_repr": "Naman Sharma", "action_flag": 2, "change_message": "[]"}}, {"model": "admin.logentry", "pk": 17, "fields": {"action_time": "2020-05-22T21:42:16.223Z", "user": 1, "content_type": 4, "object_id": "3", "object_repr": "Notification object (3)", "action_flag": 3, "change_message": ""}}, {"model": "admin.logentry", "pk": 18, "fields": {"action_time": "2020-05-22T21:43:05.229Z", "user": 1, "content_type": 8, "object_id": "2", "object_repr": "Naman Sharma", "action_flag": 2, "change_message": "[]"}}, {"model": "admin.logentry", "pk": 19, "fields": {"action_time": "2020-05-22T21:44:57.332Z", "user": 1, "content_type": 4, "object_id": "4", "object_repr": "Notification object (4)", "action_flag": 3, "change_message": ""}}, {"model": "admin.logentry", "pk": 20, "fields": {"action_time": "2020-05-22T21:45:01.492Z", "user": 1, "content_type": 8, "object_id": "2", "object_repr": "Naman Sharma", "action_flag": 2, "change_message": "[]"}}, {"model": "admin.logentry", "pk": 21, "fields": {"action_time": "2020-05-22T21:51:04.558Z", "user": 1, "content_type": 4, "object_id": "5", "object_repr": "Notification object (5)", "action_flag": 3, "change_message": ""}}, {"model": "admin.logentry", "pk": 22, "fields": {"action_time": "2020-05-22T21:51:08.852Z", "user": 1, "content_type": 8, "object_id": "2", "object_repr": "Naman Sharma", "action_flag": 2, "change_message": "[]"}}, {"model": "admin.logentry", "pk": 23, "fields": {"action_time": "2020-05-23T05:43:50.441Z", "user": 1, "content_type": 3, "object_id": "1", "object_repr": "S1", "action_flag": 2, "change_message": "[{\"changed\": {\"fields\": [\"Start date\"]}}]"}}, {"model": "admin.logentry", "pk": 24, "fields": {"action_time": "2020-05-23T05:49:55.901Z", "user": 1, "content_type": 8, "object_id": "3", "object_repr": "Nupur Student", "action_flag": 2, "change_message": "[{\"changed\": {\"fields\": [\"Supervisor\"]}}]"}}, {"model": "admin.logentry", "pk": 25, "fields": {"action_time": "2020-05-23T06:06:55.673Z", "user": 1, "content_type": 6, "object_id": "3", "object_repr": "Jun '20 - Jul '20", "action_flag": 1, "change_message": "[{\"added\": {}}]"}}, {"model": "admin.logentry", "pk": 26, "fields": {"action_time": "2020-05-23T06:07:09.059Z", "user": 1, "content_type": 10, "object_id": "4", "object_repr": "Final Milestone", "action_flag": 1, "change_message": "[{\"added\": {}}]"}}, {"model": "admin.logentry", "pk": 27, "fields": {"action_time": "2020-05-23T06:41:45.528Z", "user": 1, "content_type": 10, "object_id": "5", "object_repr": "ffadfadf", "action_flag": 1, "change_message": "[{\"added\": {}}]"}}, {"model": "admin.logentry", "pk": 28, "fields": {"action_time": "2020-05-23T06:42:23.253Z", "user": 1, "content_type": 10, "object_id": "5", "object_repr": "ffadfadf", "action_flag": 2, "change_message": "[{\"changed\": {\"fields\": [\"Start date\", \"End date\"]}}]"}}, {"model": "admin.logentry", "pk": 29, "fields": {"action_time": "2020-05-23T06:42:52.307Z", "user": 1, "content_type": 10, "object_id": "5", "object_repr": "ffadfadf", "action_flag": 2, "change_message": "[{\"changed\": {\"fields\": [\"Start date\", \"End date\"]}}]"}}, {"model": "admin.logentry", "pk": 30, "fields": {"action_time": "2020-05-23T06:43:17.690Z", "user": 1, "content_type": 10, "object_id": "5", "object_repr": "ffadfadf", "action_flag": 3, "change_message": ""}}, {"model": "admin.logentry", "pk": 31, "fields": {"action_time": "2020-05-23T06:43:33.794Z", "user": 1, "content_type": 4, "object_id": "11", "object_repr": "Notification object (11)", "action_flag": 3, "change_message": ""}}, {"model": "admin.logentry", "pk": 32, "fields": {"action_time": "2020-05-23T09:40:42.178Z", "user": 1, "content_type": 3, "object_id": "1", "object_repr": "S1", "action_flag": 2, "change_message": "[{\"changed\": {\"fields\": [\"Start date\"]}}]"}}, {"model": "admin.logentry", "pk": 33, "fields": {"action_time": "2020-05-23T09:41:48.677Z", "user": 1, "content_type": 6, "object_id": "2", "object_repr": "May 2020", "action_flag": 2, "change_message": "[{\"changed\": {\"fields\": [\"Schedule name\", \"Start date\"]}}]"}}, {"model": "admin.logentry", "pk": 34, "fields": {"action_time": "2020-05-23T09:41:53.874Z", "user": 1, "content_type": 10, "object_id": "1", "object_repr": "Milestone 1", "action_flag": 2, "change_message": "[{\"changed\": {\"fields\": [\"Start date\", \"End date\"]}}]"}}, {"model": "admin.logentry", "pk": 35, "fields": {"action_time": "2020-05-23T09:42:10.106Z", "user": 1, "content_type": 10, "object_id": "2", "object_repr": "Milestone 2", "action_flag": 2, "change_message": "[{\"changed\": {\"fields\": [\"Start date\", \"End date\"]}}]"}}, {"model": "admin.logentry", "pk": 36, "fields": {"action_time": "2020-05-23T09:42:23.886Z", "user": 1, "content_type": 10, "object_id": "3", "object_repr": "Milestone 3", "action_flag": 2, "change_message": "[{\"changed\": {\"fields\": [\"Start date\"]}}]"}}, {"model": "admin.logentry", "pk": 37, "fields": {"action_time": "2020-05-23T09:43:33.530Z", "user": 1, "content_type": 6, "object_id": "3", "object_repr": "June 2020", "action_flag": 2, "change_message": "[{\"changed\": {\"fields\": [\"Schedule name\"]}}]"}}, {"model": "admin.logentry", "pk": 38, "fields": {"action_time": "2020-05-23T09:43:35.751Z", "user": 1, "content_type": 10, "object_id": "4", "object_repr": "Final Milestone", "action_flag": 2, "change_message": "[]"}}]